employee_id,full_name,gender
1,Judas Beardon,Male
2,Lainey Franciotti,Female
3,Ashbey Strahan,Male
4,Doug Labarre,Male
5,Bevin Locock,Male
6,Phoebe Middlebrook,Female
7,Jolie MacMenamie,Female
8,Kristal Heggadon,Female
9,Guthrey Rivlin,Male
10,Omero Heasley,Male
11,Nicolette Fishleigh,Female
12,West Sillito,Male
13,Stinky Lergan,Male
14,Jud Carless,Male
15,Willamina Olivelli,Female
16,Binni Buesnel,Female
17,Monti Stronach,Male
18,Westbrooke Simcock,Male
19,Mendel Ishak,Male
20,Nikolia Rudolph,Female
21,Austin Schruyer,Male
22,Casper Brunet,Male
23,Arnold McCard,Male
24,Randy Greener,Female
25,Alair Fantonetti,Male
26,Anthea Surman-Wells,Female
27,Patsy Locarno,Male
28,Sioux Soall,Female
29,Jasper Glasper,Male
30,Edythe Oley,Female
31,Bryana Harris,Female
32,Xena Jantot,Female
33,Christean Aronov,Female
34,Irv Eplett,Male
35,Rosco Bleasdale,Male
36,Hamel Leate,Male
37,Amalita Sawdy,Female
38,Mendie Popple,Male
39,Vite Danit,Male
40,Clevey McKeowon,Male
41,Derrek MacTrustram,Male
42,Elbertine Shambrook,Female
43,Dicky Gatenby,Male
44,Nananne Raitie,Female
45,Wally Blanning,Male
46,Marcel Skehan,Male
47,Sal Tytcomb,Male
48,Jared Merrin,Male
49,Goldie Phoenix,Female
50,Hewe Penburton,Male
51,Danila Coal,Female
52,Yank Tourner,Male
53,Millisent Colebourne,Female
54,Godwin Stebbin,Male
55,Marcia Ferraretto,Female
56,Craggy Newing,Male
57,Eudora Hubble,Female
58,Angelle Hurich,Female
59,Aluino Cheers,Male
60,Oby Kisbee,Male
61,Halley Kolczynski,Female
62,Duane O'Driscole,Male
63,Tammie Prince,Male
64,Tyrus Jozwik,Male
65,Blanca Rivilis,Female
66,Currey Seelbach,Male
67,Clari Koopman,Female
68,Lana Sanham,Female
69,Asia Loveredge,Female
70,Janessa Lassey,Female
71,Raquela Broadbury,Female
72,Cynthy McGrane,Female
73,Roselin Rowdell,Female
74,Inessa Curteis,Female
75,Jobie Malletratt,Female
76,Fionnula Whayman,Female
77,Bill Mullins,Male
78,Anderson Fairbanks,Male
79,Ruthanne Usher,Female
80,Kendricks Cornilli,Male
81,Junia Laviste,Female
82,Bevvy Reasce,Female
83,Mabel Fellona,Female
84,Greer Matlock,Female
85,Trumann Darlaston,Male
86,Kylila Hryskiewicz,Female
87,Olag Heselwood,Male
88,Lanette Ezzle,Female
89,Merle Garrattley,Male
90,Curtice Fyldes,Male
91,Karlyn Crop,Female
92,Angelique Merkle,Female
93,Nonna Bonnesen,Female
94,Carolynn Medcalf,Female
95,Konstanze Jerrim,Female
96,Jennee Merriday,Female
97,Tome Berthelmot,Male
98,Cecily Ebdon,Female
99,Cindra Drakard,Female
100,Gan Tongue,Male
101,Zacharie Hallyburton,Male
102,Mirna Yepiskov,Female
103,Ciro Springtorpe,Male
104,Vitia Sabatier,Female
105,Guillermo Stocker,Male
106,Leshia Otley,Female
107,Christiano Ruffy,Male
108,Jacqui Poon,Female
109,Isabelle Everix,Female
110,Camella Dondon,Female
111,Yvonne Biddleston,Female
112,Paquito Village,Male
113,Verge Louch,Male
114,Antony Ewells,Male
115,Arvin Syred,Male
116,Jephthah Van der Velde,Male
117,Lisbeth Mace,Female
118,Panchito Chaudret,Male
119,Laurice De Vile,Female
120,Vi Rioch,Female
121,Amil Grocock,Female
122,Corliss Brandts,Female
123,Ugo Bottinelli,Male
124,Shaylyn Bullus,Female
125,Sheelagh Wallbrook,Female
126,Jarvis De Bell,Male
127,Annemarie Cisec,Female
128,Lou Brewins,Female
129,Margarita Gagan,Female
130,Bear Clemson,Male
131,Nanice Duny,Female
132,Ignacius Sporton,Male
133,Julia Forre,Female
134,Flori Arnison,Female
135,Mariel Scroyton,Female
136,Stanton Syfax,Male
137,Sutherlan Carswell,Male
138,Meredith Izachik,Male
139,Bridget Pittle,Female
140,Meredeth Peggs,Male
141,Fernanda Arnout,Female
142,Amandi Seivwright,Female
143,Maurine Gilkison,Female
144,Lindon Bassingden,Male
145,Janel Goodhay,Female
146,Zora Foyle,Female
147,Alva Brandreth,Male
148,Jeanie Monaghan,Female
149,Sharron Lucken,Female
150,Marve Rodwell,Male
151,Sheryl Munson,Female
152,Florenza Tugwell,Female
153,Killie Sells,Male
154,Horton Habbes,Male
155,Nicolea Lashford,Female
156,Byron Matula,Male
157,Hazlett Cronshaw,Male
158,Jorge Kinch,Male
159,Gallard Dumbelton,Male
160,Serge Oxenbury,Male
161,Min Beaushaw,Female
162,Pancho Bolens,Male
163,Aurel Edmondson,Female
164,Cheri Money,Female
165,Theodosia Lukesch,Female
166,Farrell Swyndley,Male
167,Willi Holleran,Male
168,Bibby A'field,Female
169,Pauly Bickerdike,Male
170,Hedwiga Swatten,Female
171,Delbert Mixer,Male
172,Kristina Fewtrell,Female
173,Konstantin Rentcome,Male
174,Elsi Daborne,Female
175,Broddie Aberhart,Male
176,Kent Wix,Male
177,Jeanelle Fonso,Female
178,Christoffer Daynter,Male
179,Laetitia Lehrle,Female
180,Reginauld Middle,Male
181,Justinian Reyne,Male
182,Jaclyn Kernock,Female
183,Diarmid Whodcoat,Male
184,Dino Geall,Male
185,Anson McIlmurray,Male
186,Morse Scrancher,Male
187,Christie Wildsmith,Male
188,Gilbert Clohissy,Male
189,Orland Allsop,Male
190,Lorrin Fick,Female
191,Kacie Berrie,Female
192,Alisander Tyzack,Male
193,Ilsa Jentgens,Female
194,Ivar Oganesian,Male
195,Fannie Furse,Female
196,Bobina Patriskson,Female
197,Ward Larkings,Male
198,Helen Gobeaux,Female
199,Tyler Silversmidt,Male
200,Dede Stebbings,Female
201,Luce Bazelle,Male
202,Towny Lough,Male
203,Corrie Abella,Female
204,Deana Baldock,Female
205,Joey Whitter,Female
206,Pansy Burwin,Female
207,Shannon Le Noury,Male
208,Aprilette McPhillips,Female
209,Kennie Brunel,Male
210,Vida Pancost,Female
211,Glynn Deabill,Male
212,Meggy Martinuzzi,Female
213,Alie Levicount,Female
214,Basilio Keeffe,Male
215,Ganny Wildor,Male
216,Jakie Gianilli,Male
217,Jeffie Walicki,Male
218,Ali Elleray,Male
219,Bertrand Sage,Male
220,Kevan Micah,Male
221,Ariella Biford,Female
222,Ashley Morter,Female
223,Kip Binney,Male
224,Cale Glanville,Male
225,Durante Wilstead,Male
226,Waldo Parcells,Male
227,Karie Apedaile,Female
228,Nora Lithcow,Female
229,Berty Farman,Female
230,Meghan Markushkin,Female
231,Wyndham Rule,Male
232,Wildon Weightman,Male
233,Keelia Nardrup,Female
234,Patric Dood,Male
235,Kain McSperrin,Male
236,Missie Jzak,Female
237,Helsa Larmet,Female
238,Ranique McArd,Female
239,Hartley Newens,Male
240,Schuyler Clemits,Male
241,Sonnie Watson,Female
242,Clarance Dolligon,Male
243,Freedman Maddyson,Male
244,Ianthe Kerbler,Female
245,Latrina Wisson,Female
246,Germaine Fosserd,Female
247,Elfrida Dummer,Female
248,Gertie Vedenisov,Female
249,Malcolm Korting,Male
250,Verina Crother,Female
